split,feature_set,task,heldout_dataset,train_rows,test_rows,features,train_datasets,test_datasets,train_subjects,test_subjects,status,mae,baseline_mae,mae_improvement_vs_train_mean,rmse,r2,pearson,weighted_mae,weighted_baseline_mae,weighted_mae_improvement_vs_train_mean,prevalence,accuracy,balanced_accuracy,f1,average_precision,roc_auc,weighted_accuracy,weighted_balanced_accuracy,weighted_f1,weighted_average_precision,weighted_roc_auc,reason
pooled_subject_holdout,sensors_only,regression_nrs,,30747,10773,206,"painmonit,physiopain_watch,rheumapain","painmonit,physiopain_watch,rheumapain",132,45,ok,1.6347149988460967,1.5619412501071852,-0.04659186043900032,1.9435870002277988,-0.1065793959086716,0.5721717291172461,1.6380722243180015,2.0362824678491895,0.19555746799303098,,,,,,,,,,,,
pooled_subject_holdout,sensors_only,classification_high_pain_4_plus,,30747,10773,206,"painmonit,physiopain_watch,rheumapain","painmonit,physiopain_watch,rheumapain",132,45,ok,,,,,,,,,,0.2994523345400538,0.7573563538475819,0.6164179367470362,0.3954671600370028,0.644671431137652,0.7789750668491097,0.6409761531949456,0.619347274963266,0.45187440752234054,0.7097955239135647,0.7505178854692048,
pooled_subject_holdout,sensors_only,classification_nonzero_pain,,30747,10773,206,"painmonit,physiopain_watch,rheumapain","painmonit,physiopain_watch,rheumapain",132,45,ok,,,,,,,,,,0.9068968718091525,0.7669172932330827,0.5610491452969648,0.8636585763153608,0.9720905160335149,0.7545279208434064,0.9228819760588631,0.6252491505555099,0.9594947494816384,0.997525319397672,0.9240033712662997,
pooled_subject_holdout,sensors_plus_state,regression_nrs,,30747,10773,214,"painmonit,physiopain_watch,rheumapain","painmonit,physiopain_watch,rheumapain",132,45,ok,1.4960596919132225,1.5619412501071852,0.04217928055196807,1.8426071825989399,0.00541907006926845,0.5731784314664076,1.522109203802884,2.0362824678491895,0.2525058640756249,,,,,,,,,,,,
pooled_subject_holdout,sensors_plus_state,classification_high_pain_4_plus,,30747,10773,214,"painmonit,physiopain_watch,rheumapain","painmonit,physiopain_watch,rheumapain",132,45,ok,,,,,,,,,,0.2994523345400538,0.7413905133203379,0.6009406766983937,0.3673932788374205,0.625976838700953,0.7839536835952027,0.6094189642738872,0.588721939679436,0.4171741067745963,0.6782448697479839,0.7326171363647134,
pooled_subject_holdout,sensors_plus_state,classification_nonzero_pain,,30747,10773,214,"painmonit,physiopain_watch,rheumapain","painmonit,physiopain_watch,rheumapain",132,45,ok,,,,,,,,,,0.9068968718091525,0.8551007147498375,0.6096673643348358,0.9193989776423813,0.9852366417670536,0.8579913279608463,0.9520584486769754,0.640301048737235,0.9751993754189258,0.9986001245988305,0.9560349985097867,
pooled_subject_holdout,e4_like,regression_nrs,,30747,10773,116,"painmonit,physiopain_watch,rheumapain","painmonit,physiopain_watch,rheumapain",132,45,ok,1.5421697771371539,1.5619412501071852,0.012658269297052382,1.9262960027575022,-0.08697775220014425,0.4867611534665456,1.6399396976457146,2.0362824678491895,0.19464036864301515,,,,,,,,,,,,
pooled_subject_holdout,e4_like,classification_high_pain_4_plus,,30747,10773,116,"painmonit,physiopain_watch,rheumapain","painmonit,physiopain_watch,rheumapain",132,45,ok,,,,,,,,,,0.2994523345400538,0.7274668151861134,0.5987232643608629,0.3790186125211506,0.5415613968946693,0.7657875905741667,0.5851641337710404,0.568337734951548,0.4281103148891341,0.5831033305583437,0.6998389758448318,
pooled_subject_holdout,e4_like,classification_nonzero_pain,,30747,10773,116,"painmonit,physiopain_watch,rheumapain","painmonit,physiopain_watch,rheumapain",132,45,ok,,,,,,,,,,0.9068968718091525,0.8551007147498375,0.6096673643348358,0.9193989776423813,0.9852366417670536,0.8579913279608463,0.9520584486769754,0.640301048737235,0.9751993754189258,0.9986001245988305,0.9560349985097867,
pooled_subject_holdout,apple_watch_like,regression_nrs,,30747,10773,111,"painmonit,physiopain_watch,rheumapain","painmonit,physiopain_watch,rheumapain",132,45,ok,1.506956071761505,1.5619412501071852,0.035203102768370464,1.8568800033266684,-0.01004863728224148,0.5379040946888938,1.534822177510841,2.0362824678491895,0.24626263706332097,,,,,,,,,,,,
pooled_subject_holdout,apple_watch_like,classification_high_pain_4_plus,,30747,10773,111,"painmonit,physiopain_watch,rheumapain","painmonit,physiopain_watch,rheumapain",132,45,ok,,,,,,,,,,0.2994523345400538,0.7504873294346979,0.6261572960717097,0.43147208121827413,0.6092326322466055,0.7870820847343832,0.6305369715676536,0.6140677264698196,0.49182951531317365,0.6591774321261872,0.727750516233269,
pooled_subject_holdout,apple_watch_like,classification_nonzero_pain,,30747,10773,111,"painmonit,physiopain_watch,rheumapain","painmonit,physiopain_watch,rheumapain",132,45,ok,,,,,,,,,,0.9068968718091525,0.8551007147498375,0.6096673643348358,0.9193989776423813,0.9823056062773295,0.8321335889975927,0.9520584486769754,0.640301048737235,0.9751993754189258,0.9983385027201167,0.9480296033763151,
pooled_subject_holdout,autonomic_core,regression_nrs,,30747,10773,69,"painmonit,physiopain_watch,rheumapain","painmonit,physiopain_watch,rheumapain",132,45,ok,1.56869151026536,1.5619412501071852,-0.0043217119451270936,1.9534583750701267,-0.11784845651083087,0.45490394572534043,1.6720264807639316,2.0362824678491895,0.17888283813099914,,,,,,,,,,,,
pooled_subject_holdout,autonomic_core,classification_high_pain_4_plus,,30747,10773,69,"painmonit,physiopain_watch,rheumapain","painmonit,physiopain_watch,rheumapain",132,45,ok,,,,,,,,,,0.2994523345400538,0.732386521860206,0.5925620194867279,0.35315234462643036,0.5759746506862142,0.7401293082876138,0.595908296679865,0.5757256530501892,0.40419703874442736,0.6350788153020128,0.6976835504676294,
pooled_subject_holdout,autonomic_core,classification_nonzero_pain,,30747,10773,69,"painmonit,physiopain_watch,rheumapain","painmonit,physiopain_watch,rheumapain",132,45,ok,,,,,,,,,,0.9068968718091525,0.8566787338717163,0.6105373745702504,0.920346677672307,0.9879172948192719,0.9003202266282014,0.9525805539764576,0.6405703984941712,0.9754760891659325,0.9988811817374545,0.9691397622278523,
pooled_subject_holdout,motion_only,regression_nrs,,30747,10773,74,"painmonit,physiopain_watch,rheumapain","painmonit,physiopain_watch,rheumapain",132,45,ok,1.5262442670017162,1.5619412501071852,0.022854241862822477,1.8245222044109486,0.024846655663639305,0.5910717812715536,1.4854547002048795,2.0362824678491895,0.2705065610205437,,,,,,,,,,,,
pooled_subject_holdout,motion_only,classification_high_pain_4_plus,,30747,10773,74,"painmonit,physiopain_watch,rheumapain","painmonit,physiopain_watch,rheumapain",132,45,ok,,,,,,,,,,0.2994523345400538,0.8250255267799127,0.7500823933603602,0.6584526182279399,0.6545459337725771,0.8057376912493242,0.7671423046148658,0.7614049481889411,0.730953706750773,0.7399312248875327,0.7930718416891804,
pooled_subject_holdout,motion_only,classification_nonzero_pain,,30747,10773,74,"painmonit,physiopain_watch,rheumapain","painmonit,physiopain_watch,rheumapain",132,45,ok,,,,,,,,,,0.9068968718091525,0.7407407407407407,0.5466172108036178,0.8459884201819685,0.9840489242089264,0.8474972217431636,0.9142211705027498,0.6207811134110398,0.9547398855119205,0.9984922827759283,0.9527860885039836,
pooled_subject_holdout,metadata_probe,regression_nrs,,30747,10773,20,"painmonit,physiopain_watch,rheumapain","painmonit,physiopain_watch,rheumapain",132,45,ok,1.3579487676055848,1.5619412501071852,0.13060189202865458,1.6445981343943579,0.2076917193639749,0.5570475491193041,1.4101787906659056,2.0362824678491895,0.30747388295524736,,,,,,,,,,,,
pooled_subject_holdout,metadata_probe,classification_high_pain_4_plus,,30747,10773,20,"painmonit,physiopain_watch,rheumapain","painmonit,physiopain_watch,rheumapain",132,45,ok,,,,,,,,,,0.2994523345400538,0.8175995544416597,0.7313826534128636,0.6290353030016991,0.6835221052733063,0.8192829995060505,0.7516240739804905,0.7426891914892834,0.6979974711002953,0.7783709435713628,0.8386802613680542,
pooled_subject_holdout,metadata_probe,classification_nonzero_pain,,30747,10773,20,"painmonit,physiopain_watch,rheumapain","painmonit,physiopain_watch,rheumapain",132,45,ok,,,,,,,,,,0.9068968718091525,0.9223057644110275,0.713818677029301,0.9577080491132333,0.9907139798437367,0.9143702975005383,0.974293992019621,0.7241712370407232,0.9867910159085165,0.9991444767519382,0.9734895767706542,
pooled_subject_holdout,sensors_plus_metadata,regression_nrs,,30747,10773,226,"painmonit,physiopain_watch,rheumapain","painmonit,physiopain_watch,rheumapain",132,45,ok,1.4344634229799016,1.5619412501071852,0.08161499487803126,1.760168036091219,0.09242428056494123,0.5849057480518108,1.463459577544326,2.0362824678491895,0.28130816787412805,,,,,,,,,,,,
pooled_subject_holdout,sensors_plus_metadata,classification_high_pain_4_plus,,30747,10773,226,"painmonit,physiopain_watch,rheumapain","painmonit,physiopain_watch,rheumapain",132,45,ok,,,,,,,,,,0.2994523345400538,0.7381416504223521,0.599686745044138,0.36791395922025544,0.6163318621294287,0.7503683673242227,0.6029772397065111,0.5831805808671041,0.41875403559604474,0.680287218625045,0.7387259935146612,
pooled_subject_holdout,sensors_plus_metadata,classification_nonzero_pain,,30747,10773,226,"painmonit,physiopain_watch,rheumapain","painmonit,physiopain_watch,rheumapain",132,45,ok,,,,,,,,,,0.9068968718091525,0.8551007147498375,0.6096673643348358,0.9193989776423813,0.9865249165231278,0.8690771084902917,0.9520584486769754,0.640301048737235,0.9751993754189258,0.9987130855330404,0.9594670872019677,
within_dataset_subject_holdout:painmonit,sensors_only,regression_nrs,,6469,2687,99,painmonit,painmonit,36,13,ok,1.8645470970734246,1.5451743609655468,-0.20669041900767016,2.3092132000406926,-0.5213742675402753,-0.036869191131149656,1.8645470970734248,1.545174360965547,-0.20669041900767016,,,,,,,,,,,,
within_dataset_subject_holdout:painmonit,sensors_only,classification_high_pain_4_plus,,6469,2687,99,painmonit,painmonit,36,13,ok,,,,,,,,,,0.5872720506140677,0.5217714923706737,0.48161916386381276,0.6360804304729538,0.6175421199746024,0.5143645550119371,0.5217714923706737,0.4816191638638142,0.6360804304729749,0.6175421199746036,0.5143645550119513,
within_dataset_subject_holdout:painmonit,sensors_only,classification_nonzero_pain,,6469,2687,99,painmonit,painmonit,36,13,skipped,,,,,,,,,,,,,,,,,,,,,classifier target has fewer than two classes in train or test
within_dataset_subject_holdout:painmonit,sensors_plus_state,regression_nrs,,6469,2687,105,painmonit,painmonit,36,13,ok,1.8907256511040962,1.5451743609655468,-0.22363255491931766,2.3261300536016276,-0.5437465087598572,-0.04445806523292889,1.8907256511040964,1.545174360965547,-0.22363255491931766,,,,,,,,,,,,
within_dataset_subject_holdout:painmonit,sensors_plus_state,classification_high_pain_4_plus,,6469,2687,105,painmonit,painmonit,36,13,ok,,,,,,,,,,0.5872720506140677,0.521399330107927,0.4803643081550764,0.6371331828442438,0.6167927693843371,0.5105479879451567,0.521399330107927,0.4803643081550778,0.6371331828442651,0.6167927693843384,0.5105479879451711,
within_dataset_subject_holdout:painmonit,sensors_plus_state,classification_nonzero_pain,,6469,2687,105,painmonit,painmonit,36,13,skipped,,,,,,,,,,,,,,,,,,,,,classifier target has fewer than two classes in train or test
within_dataset_subject_holdout:painmonit,e4_like,regression_nrs,,6469,2687,55,painmonit,painmonit,36,13,ok,1.9199463380206914,1.5451743609655468,-0.24254348669166204,2.512103749404476,-0.8004586308411692,-0.19928561434098796,1.9199463380206914,1.545174360965547,-0.2425434866916618,,,,,,,,,,,,
within_dataset_subject_holdout:painmonit,e4_like,classification_high_pain_4_plus,,6469,2687,55,painmonit,painmonit,36,13,ok,,,,,,,,,,0.5872720506140677,0.4893933755117231,0.4933145790690525,0.5199440167949615,0.5586178393694843,0.4875620142148409,0.4893933755117232,0.4933145790690518,0.5199440167949626,0.5586178393694852,0.4875620142148552,
within_dataset_subject_holdout:painmonit,e4_like,classification_nonzero_pain,,6469,2687,55,painmonit,painmonit,36,13,skipped,,,,,,,,,,,,,,,,,,,,,classifier target has fewer than two classes in train or test
within_dataset_subject_holdout:painmonit,apple_watch_like,regression_nrs,,6469,2687,45,painmonit,painmonit,36,13,ok,1.879004262403837,1.5451743609655468,-0.21604675166217935,2.4640146944378576,-0.7321862646085453,-0.180824373319218,1.8790042624038372,1.545174360965547,-0.21604675166217935,,,,,,,,,,,,
within_dataset_subject_holdout:painmonit,apple_watch_like,classification_high_pain_4_plus,,6469,2687,45,painmonit,painmonit,36,13,ok,,,,,,,,,,0.5872720506140677,0.5161890584294753,0.5094282749391144,0.570957095709571,0.5752646831457677,0.48307430505793714,0.5161890584294753,0.5094282749391152,0.5709570957095785,0.5752646831457686,0.48307430505795157,
within_dataset_subject_holdout:painmonit,apple_watch_like,classification_nonzero_pain,,6469,2687,45,painmonit,painmonit,36,13,skipped,,,,,,,,,,,,,,,,,,,,,classifier target has fewer than two classes in train or test
within_dataset_subject_holdout:painmonit,autonomic_core,regression_nrs,,6469,2687,46,painmonit,painmonit,36,13,ok,2.2309580106406917,1.5451743609655468,-0.4438228247889209,2.823105042877347,-1.273851398907623,-0.35179398650523563,2.230958010640692,1.545174360965547,-0.4438228247889211,,,,,,,,,,,,
within_dataset_subject_holdout:painmonit,autonomic_core,classification_high_pain_4_plus,,6469,2687,46,painmonit,painmonit,36,13,ok,,,,,,,,,,0.5872720506140677,0.4402679568291775,0.4300495085148474,0.5062376887721602,0.5654665502471854,0.43010865130439846,0.44026795682917746,0.4300495085148459,0.5062376887721646,0.5654665502471846,0.43010865130441,
within_dataset_subject_holdout:painmonit,autonomic_core,classification_nonzero_pain,,6469,2687,46,painmonit,painmonit,36,13,skipped,,,,,,,,,,,,,,,,,,,,,classifier target has fewer than two classes in train or test
within_dataset_subject_holdout:painmonit,motion_only,regression_nrs,,6469,2687,25,painmonit,painmonit,36,13,ok,1.5537886081098202,1.5451743609655468,-0.005574935335382225,1.9569291156971549,-0.09259244530769029,-0.021967355574779187,1.5537886081098202,1.545174360965547,-0.005574935335382003,,,,,,,,,,,,
within_dataset_subject_holdout:painmonit,motion_only,classification_high_pain_4_plus,,6469,2687,25,painmonit,painmonit,36,13,ok,,,,,,,,,,0.5872720506140677,0.5541496092296241,0.5205756907706391,0.6525522041763341,0.6201515457975121,0.5465513753698568,0.5541496092296241,0.5205756907706407,0.6525522041763547,0.6201515457975124,0.54655137536987,
within_dataset_subject_holdout:painmonit,motion_only,classification_nonzero_pain,,6469,2687,25,painmonit,painmonit,36,13,skipped,,,,,,,,,,,,,,,,,,,,,classifier target has fewer than two classes in train or test
within_dataset_subject_holdout:painmonit,metadata_probe,regression_nrs,,6469,2687,12,painmonit,painmonit,36,13,ok,1.5537886081098202,1.5451743609655468,-0.005574935335382225,1.9569291156971549,-0.09259244530769029,-0.021967355574779187,1.5537886081098202,1.545174360965547,-0.005574935335382003,,,,,,,,,,,,
within_dataset_subject_holdout:painmonit,metadata_probe,classification_high_pain_4_plus,,6469,2687,12,painmonit,painmonit,36,13,ok,,,,,,,,,,0.5872720506140677,0.5541496092296241,0.5205756907706391,0.6525522041763341,0.6201515457975121,0.5465513753698568,0.5541496092296241,0.5205756907706407,0.6525522041763547,0.6201515457975124,0.54655137536987,
within_dataset_subject_holdout:painmonit,metadata_probe,classification_nonzero_pain,,6469,2687,12,painmonit,painmonit,36,13,skipped,,,,,,,,,,,,,,,,,,,,,classifier target has fewer than two classes in train or test
within_dataset_subject_holdout:painmonit,sensors_plus_metadata,regression_nrs,,6469,2687,111,painmonit,painmonit,36,13,ok,1.8907256511040962,1.5451743609655468,-0.22363255491931766,2.3261300536016276,-0.5437465087598572,-0.04445806523292889,1.8907256511040964,1.545174360965547,-0.22363255491931766,,,,,,,,,,,,
within_dataset_subject_holdout:painmonit,sensors_plus_metadata,classification_high_pain_4_plus,,6469,2687,111,painmonit,painmonit,36,13,ok,,,,,,,,,,0.5872720506140677,0.521399330107927,0.4803643081550764,0.6371331828442438,0.6167927693843371,0.5105479879451567,0.521399330107927,0.4803643081550778,0.6371331828442651,0.6167927693843384,0.5105479879451711,
within_dataset_subject_holdout:painmonit,sensors_plus_metadata,classification_nonzero_pain,,6469,2687,111,painmonit,painmonit,36,13,skipped,,,,,,,,,,,,,,,,,,,,,classifier target has fewer than two classes in train or test
within_dataset_subject_holdout:physiopain_watch,sensors_only,regression_nrs,,6400,2200,143,physiopain_watch,physiopain_watch,64,22,ok,1.1709091796749285,1.0284090909090908,-0.1385636222253448,1.477967009291508,-0.36948582459608414,0.02560997297244805,1.1709091796749282,1.0284090909090908,-0.13856362222534457,,,,,,,,,,,,
within_dataset_subject_holdout:physiopain_watch,sensors_only,classification_high_pain_4_plus,,6400,2200,143,physiopain_watch,physiopain_watch,64,22,ok,,,,,,,,,,0.18181818181818182,0.7113636363636363,0.5105555555555555,0.1972187104930468,0.18915653137238658,0.5422916666666667,0.7113636363636364,0.5105555555555539,0.19721871049304543,0.18915653137238775,0.5422916666666596,
within_dataset_subject_holdout:physiopain_watch,sensors_only,classification_nonzero_pain,,6400,2200,143,physiopain_watch,physiopain_watch,64,22,skipped,,,,,,,,,,,,,,,,,,,,,classifier target has fewer than two classes in train or test
within_dataset_subject_holdout:physiopain_watch,sensors_plus_state,regression_nrs,,6400,2200,151,physiopain_watch,physiopain_watch,64,22,ok,0.8160647540582262,1.0284090909090908,0.20647847119200102,1.1498103344230604,0.17114134496023592,0.5092943608174719,0.8160647540582261,1.0284090909090908,0.20647847119200113,,,,,,,,,,,,
within_dataset_subject_holdout:physiopain_watch,sensors_plus_state,classification_high_pain_4_plus,,6400,2200,151,physiopain_watch,physiopain_watch,64,22,ok,,,,,,,,,,0.18181818181818182,0.7272727272727273,0.5270833333333333,0.22077922077922077,0.28831497227823594,0.5780152777777778,0.7272727272727273,0.5270833333333319,0.22077922077921933,0.2883149722782369,0.5780152777777715,
within_dataset_subject_holdout:physiopain_watch,sensors_plus_state,classification_nonzero_pain,,6400,2200,151,physiopain_watch,physiopain_watch,64,22,skipped,,,,,,,,,,,,,,,,,,,,,classifier target has fewer than two classes in train or test
within_dataset_subject_holdout:physiopain_watch,e4_like,regression_nrs,,6400,2200,88,physiopain_watch,physiopain_watch,64,22,ok,0.8160647540582262,1.0284090909090908,0.20647847119200102,1.1498103344230604,0.17114134496023592,0.5092943608174719,0.8160647540582261,1.0284090909090908,0.20647847119200113,,,,,,,,,,,,
within_dataset_subject_holdout:physiopain_watch,e4_like,classification_high_pain_4_plus,,6400,2200,88,physiopain_watch,physiopain_watch,64,22,ok,,,,,,,,,,0.18181818181818182,0.7272727272727273,0.5270833333333333,0.22077922077922077,0.28831497227823594,0.5780152777777778,0.7272727272727273,0.5270833333333319,0.22077922077921933,0.2883149722782369,0.5780152777777715,
within_dataset_subject_holdout:physiopain_watch,e4_like,classification_nonzero_pain,,6400,2200,88,physiopain_watch,physiopain_watch,64,22,skipped,,,,,,,,,,,,,,,,,,,,,classifier target has fewer than two classes in train or test
within_dataset_subject_holdout:physiopain_watch,apple_watch_like,regression_nrs,,6400,2200,87,physiopain_watch,physiopain_watch,64,22,ok,0.7564369770195638,1.0284090909090908,0.26445907206937436,1.104694671728726,0.23490990441841264,0.5439665511839983,0.7564369770195636,1.0284090909090908,0.2644590720693746,,,,,,,,,,,,
within_dataset_subject_holdout:physiopain_watch,apple_watch_like,classification_high_pain_4_plus,,6400,2200,87,physiopain_watch,physiopain_watch,64,22,ok,,,,,,,,,,0.18181818181818182,0.7486363636363637,0.5333333333333333,0.22002820874471085,0.23386733191129022,0.6308916666666666,0.7486363636363635,0.5333333333333322,0.22002820874470982,0.23386733191129122,0.63089166666666,
within_dataset_subject_holdout:physiopain_watch,apple_watch_like,classification_nonzero_pain,,6400,2200,87,physiopain_watch,physiopain_watch,64,22,skipped,,,,,,,,,,,,,,,,,,,,,classifier target has fewer than two classes in train or test
within_dataset_subject_holdout:physiopain_watch,autonomic_core,regression_nrs,,6400,2200,50,physiopain_watch,physiopain_watch,64,22,ok,0.6179982703823065,1.0284090909090908,0.39907350504261907,0.8939785674141226,0.49894860539641117,0.7097551375556576,0.6179982703823064,1.0284090909090908,0.3990735050426192,,,,,,,,,,,,
within_dataset_subject_holdout:physiopain_watch,autonomic_core,classification_high_pain_4_plus,,6400,2200,50,physiopain_watch,physiopain_watch,64,22,ok,,,,,,,,,,0.18181818181818182,0.7495454545454545,0.5348611111111111,0.22284908321579688,0.2759383237248868,0.6053958333333334,0.7495454545454544,0.53486111111111,0.22284908321579586,0.27593832372488747,0.6053958333333265,
within_dataset_subject_holdout:physiopain_watch,autonomic_core,classification_nonzero_pain,,6400,2200,50,physiopain_watch,physiopain_watch,64,22,skipped,,,,,,,,,,,,,,,,,,,,,classifier target has fewer than two classes in train or test
within_dataset_subject_holdout:physiopain_watch,motion_only,regression_nrs,,6400,2200,58,physiopain_watch,physiopain_watch,64,22,ok,0.7776437334135857,1.0284090909090908,0.24383813767518725,1.1243665741822886,0.2074185317629622,0.5506735774056556,0.7776437334135857,1.0284090909090908,0.24383813767518725,,,,,,,,,,,,
within_dataset_subject_holdout:physiopain_watch,motion_only,classification_high_pain_4_plus,,6400,2200,58,physiopain_watch,physiopain_watch,64,22,ok,,,,,,,,,,0.18181818181818182,0.7268181818181818,0.5511111111111111,0.2679658952496955,0.24343047779158378,0.6672402777777778,0.7268181818181817,0.5511111111111094,0.2679658952496932,0.24343047779158417,0.6672402777777706,
within_dataset_subject_holdout:physiopain_watch,motion_only,classification_nonzero_pain,,6400,2200,58,physiopain_watch,physiopain_watch,64,22,skipped,,,,,,,,,,,,,,,,,,,,,classifier target has fewer than two classes in train or test
within_dataset_subject_holdout:physiopain_watch,metadata_probe,regression_nrs,,6400,2200,16,physiopain_watch,physiopain_watch,64,22,ok,0.5957509860417061,1.0284090909090908,0.420706223517457,0.8311129659916524,0.5669398951763087,0.7533634061732822,0.5957509860417061,1.0284090909090908,0.420706223517457,,,,,,,,,,,,
within_dataset_subject_holdout:physiopain_watch,metadata_probe,classification_high_pain_4_plus,,6400,2200,16,physiopain_watch,physiopain_watch,64,22,ok,,,,,,,,,,0.18181818181818182,0.9063636363636364,0.7424999999999999,0.6531986531986532,0.7359821295996838,0.9044194444444444,0.9063636363636364,0.7425,0.653198653198649,0.7359821295996815,0.9044194444444412,
within_dataset_subject_holdout:physiopain_watch,metadata_probe,classification_nonzero_pain,,6400,2200,16,physiopain_watch,physiopain_watch,64,22,skipped,,,,,,,,,,,,,,,,,,,,,classifier target has fewer than two classes in train or test
within_dataset_subject_holdout:physiopain_watch,sensors_plus_metadata,regression_nrs,,6400,2200,159,physiopain_watch,physiopain_watch,64,22,ok,0.7129898439052054,1.0284090909090908,0.30670600813637483,0.977251290378412,0.40125683818601654,0.6539039332620167,0.7129898439052055,1.0284090909090908,0.3067060081363747,,,,,,,,,,,,
within_dataset_subject_holdout:physiopain_watch,sensors_plus_metadata,classification_high_pain_4_plus,,6400,2200,159,physiopain_watch,physiopain_watch,64,22,ok,,,,,,,,,,0.18181818181818182,0.7809090909090909,0.6405555555555555,0.41075794621026895,0.4016202343398698,0.7820305555555555,0.7809090909090909,0.6405555555555547,0.410757946210265,0.40162023433986893,0.7820305555555495,
within_dataset_subject_holdout:physiopain_watch,sensors_plus_metadata,classification_nonzero_pain,,6400,2200,159,physiopain_watch,physiopain_watch,64,22,skipped,,,,,,,,,,,,,,,,,,,,,classifier target has fewer than two classes in train or test
within_dataset_subject_holdout:rheumapain,sensors_only,regression_nrs,,17074,6690,122,rheumapain,rheumapain,31,11,ok,0.9656658599698281,1.1216231491802238,0.13904606848064993,1.231482230567141,-1.8537261464728525,-0.08214142630010945,0.9656658599698279,1.1216231491802235,0.13904606848064993,,,,,,,,,,,,
within_dataset_subject_holdout:rheumapain,sensors_only,classification_high_pain_4_plus,,17074,6690,122,rheumapain,rheumapain,31,11,skipped,,,,,,,,,,,,,,,,,,,,,classifier target has fewer than two classes in train or test
within_dataset_subject_holdout:rheumapain,sensors_only,classification_nonzero_pain,,17074,6690,122,rheumapain,rheumapain,31,11,ok,,,,,,,,,,0.4789237668161435,0.5240657698056801,0.5396425187104759,0.6466148723640399,0.6033707392161203,0.6689185849873545,0.5240657698056801,0.5396425187104741,0.6466148723640345,0.6033707392161246,0.6689185849873588,
within_dataset_subject_holdout:rheumapain,sensors_plus_state,regression_nrs,,17074,6690,130,rheumapain,rheumapain,31,11,ok,0.9652850208750883,1.1216231491802238,0.13938561130750604,1.2303934477188523,-1.8486822822911075,-0.07980761252095202,0.9652850208750882,1.1216231491802235,0.13938561130750593,,,,,,,,,,,,
within_dataset_subject_holdout:rheumapain,sensors_plus_state,classification_high_pain_4_plus,,17074,6690,130,rheumapain,rheumapain,31,11,skipped,,,,,,,,,,,,,,,,,,,,,classifier target has fewer than two classes in train or test
within_dataset_subject_holdout:rheumapain,sensors_plus_state,classification_nonzero_pain,,17074,6690,130,rheumapain,rheumapain,31,11,ok,,,,,,,,,,0.4789237668161435,0.40956651718983555,0.42759051186017477,0.5811240721102863,0.5995096302518256,0.6473477287068731,0.4095665171898356,0.4275905118601786,0.58112407211028,0.59950963025183,0.6473477287068765,
within_dataset_subject_holdout:rheumapain,e4_like,regression_nrs,,17074,6690,110,rheumapain,rheumapain,31,11,ok,0.9652850208750883,1.1216231491802238,0.13938561130750604,1.2303934477188523,-1.8486822822911075,-0.07980761252095202,0.9652850208750882,1.1216231491802235,0.13938561130750593,,,,,,,,,,,,
within_dataset_subject_holdout:rheumapain,e4_like,classification_high_pain_4_plus,,17074,6690,110,rheumapain,rheumapain,31,11,skipped,,,,,,,,,,,,,,,,,,,,,classifier target has fewer than two classes in train or test
within_dataset_subject_holdout:rheumapain,e4_like,classification_nonzero_pain,,17074,6690,110,rheumapain,rheumapain,31,11,ok,,,,,,,,,,0.4789237668161435,0.40956651718983555,0.42759051186017477,0.5811240721102863,0.5995096302518256,0.6473477287068731,0.4095665171898356,0.4275905118601786,0.58112407211028,0.59950963025183,0.6473477287068765,
within_dataset_subject_holdout:rheumapain,apple_watch_like,regression_nrs,,17074,6690,96,rheumapain,rheumapain,31,11,ok,1.0475096938669701,1.1216231491802238,0.06607696655282302,1.2779595441722678,-2.0731956273139907,-0.16016413311269798,1.04750969386697,1.1216231491802235,0.06607696655282302,,,,,,,,,,,,
within_dataset_subject_holdout:rheumapain,apple_watch_like,classification_high_pain_4_plus,,17074,6690,96,rheumapain,rheumapain,31,11,skipped,,,,,,,,,,,,,,,,,,,,,classifier target has fewer than two classes in train or test
within_dataset_subject_holdout:rheumapain,apple_watch_like,classification_nonzero_pain,,17074,6690,96,rheumapain,rheumapain,31,11,ok,,,,,,,,,,0.4789237668161435,0.5449925261584454,0.5614902090974921,0.6673224043715847,0.6093540203806576,0.6685533824257257,0.5449925261584454,0.561490209097489,0.6673224043715796,0.6093540203806626,0.66855338242573,
within_dataset_subject_holdout:rheumapain,autonomic_core,regression_nrs,,17074,6690,54,rheumapain,rheumapain,31,11,ok,0.9885498429168816,1.1216231491802238,0.11864350906149113,1.2906865287422957,-2.13471130046026,0.32624588097085994,0.9885498429168816,1.1216231491802235,0.11864350906149101,,,,,,,,,,,,
within_dataset_subject_holdout:rheumapain,autonomic_core,classification_high_pain_4_plus,,17074,6690,54,rheumapain,rheumapain,31,11,skipped,,,,,,,,,,,,,,,,,,,,,classifier target has fewer than two classes in train or test
within_dataset_subject_holdout:rheumapain,autonomic_core,classification_nonzero_pain,,17074,6690,54,rheumapain,rheumapain,31,11,ok,,,,,,,,,,0.4789237668161435,0.6684603886397609,0.6818703384968445,0.7428703918386274,0.8685380688648867,0.8734998850404292,0.6684603886397609,0.6818703384968418,0.7428703918386232,0.8685380688648879,0.8734998850404319,
within_dataset_subject_holdout:rheumapain,motion_only,regression_nrs,,17074,6690,68,rheumapain,rheumapain,31,11,ok,1.2837854128993624,1.1216231491802238,-0.14457820689387568,1.5635708072196322,-3.6003524055609777,-0.12652942764549124,1.2837854128993622,1.1216231491802235,-0.14457820689387568,,,,,,,,,,,,
within_dataset_subject_holdout:rheumapain,motion_only,classification_high_pain_4_plus,,17074,6690,68,rheumapain,rheumapain,31,11,skipped,,,,,,,,,,,,,,,,,,,,,classifier target has fewer than two classes in train or test
within_dataset_subject_holdout:rheumapain,motion_only,classification_nonzero_pain,,17074,6690,68,rheumapain,rheumapain,31,11,ok,,,,,,,,,,0.4789237668161435,0.5191330343796712,0.5327253368745178,0.6301023341382086,0.5848416960928766,0.628837715764073,0.5191330343796712,0.5327253368745165,0.6301023341382027,0.5848416960928802,0.6288377157640754,
within_dataset_subject_holdout:rheumapain,metadata_probe,regression_nrs,,17074,6690,16,rheumapain,rheumapain,31,11,ok,0.9801677928123874,1.1216231491802238,0.12611665198888222,1.1964672199388757,-1.6937519644849228,0.10143445200533772,0.9801677928123874,1.1216231491802235,0.126116651988882,,,,,,,,,,,,
within_dataset_subject_holdout:rheumapain,metadata_probe,classification_high_pain_4_plus,,17074,6690,16,rheumapain,rheumapain,31,11,skipped,,,,,,,,,,,,,,,,,,,,,classifier target has fewer than two classes in train or test
within_dataset_subject_holdout:rheumapain,metadata_probe,classification_nonzero_pain,,17074,6690,16,rheumapain,rheumapain,31,11,ok,,,,,,,,,,0.4789237668161435,0.6563527653213752,0.6625896308615952,0.6931803016148406,0.7582311425102755,0.7266057273502785,0.6563527653213751,0.6625896308616,0.6931803016148349,0.7582311425102725,0.726605727350279,
within_dataset_subject_holdout:rheumapain,sensors_plus_metadata,regression_nrs,,17074,6690,138,rheumapain,rheumapain,31,11,ok,1.0512805489596981,1.1216231491802238,0.06271500394043927,1.4426931685385953,-2.9165524388371358,0.10179721216820023,1.0512805489596984,1.1216231491802235,0.06271500394043883,,,,,,,,,,,,
within_dataset_subject_holdout:rheumapain,sensors_plus_metadata,classification_high_pain_4_plus,,17074,6690,138,rheumapain,rheumapain,31,11,skipped,,,,,,,,,,,,,,,,,,,,,classifier target has fewer than two classes in train or test
within_dataset_subject_holdout:rheumapain,sensors_plus_metadata,classification_nonzero_pain,,17074,6690,138,rheumapain,rheumapain,31,11,ok,,,,,,,,,,0.4789237668161435,0.40956651718983555,0.42759051186017477,0.5811240721102863,0.5933354209834256,0.6314539413226296,0.4095665171898356,0.4275905118601786,0.58112407211028,0.5933354209834296,0.6314539413226323,
leave_dataset_out,sensors_only,regression_nrs,painmonit,32364,9156,176,"physiopain_watch,rheumapain",painmonit,128,49,ok,2.2930103674986104,2.8896724230018696,0.2064808629358169,2.8786093243964475,-0.9004451597082486,-0.09441291024444841,2.29301036749861,2.8896724230018696,0.20648086293581713,,,,,,,,,,,,
leave_dataset_out,sensors_only,classification_high_pain_4_plus,painmonit,32364,9156,176,"physiopain_watch,rheumapain",painmonit,128,49,ok,,,,,,,,,,0.5964394932284841,0.5501310615989515,0.5540810604609534,0.5859052980798231,0.6347911576743859,0.5400169835113249,0.5501310615989514,0.5540810604609541,0.5859052980798103,0.6347911576743892,0.5400169835113524,
leave_dataset_out,sensors_only,classification_nonzero_pain,painmonit,32364,9156,176,"physiopain_watch,rheumapain",painmonit,128,49,skipped,,,,,,,,,,,,,,,,,,,,,classifier target has fewer than two classes in train or test
leave_dataset_out,sensors_plus_state,regression_nrs,painmonit,32364,9156,184,"physiopain_watch,rheumapain",painmonit,128,49,ok,1.927878527065551,2.8896724230018696,0.3328383827455367,2.4088335030975596,-0.3307713794210938,-0.009265044453346912,1.9278785270655507,2.8896724230018696,0.3328383827455368,,,,,,,,,,,,
leave_dataset_out,sensors_plus_state,classification_high_pain_4_plus,painmonit,32364,9156,184,"physiopain_watch,rheumapain",painmonit,128,49,ok,,,,,,,,,,0.5964394932284841,0.5574486675404107,0.5481377978773831,0.6165057732349044,0.6203218288059208,0.5462623266122008,0.5574486675404106,0.5481377978773904,0.616505773234912,0.6203218288059261,0.5462623266122345,
leave_dataset_out,sensors_plus_state,classification_nonzero_pain,painmonit,32364,9156,184,"physiopain_watch,rheumapain",painmonit,128,49,skipped,,,,,,,,,,,,,,,,,,,,,classifier target has fewer than two classes in train or test
leave_dataset_out,e4_like,regression_nrs,painmonit,32364,9156,116,"physiopain_watch,rheumapain",painmonit,128,49,ok,1.927878527065551,2.8896724230018696,0.3328383827455367,2.4088335030975596,-0.3307713794210938,-0.009265044453346912,1.9278785270655507,2.8896724230018696,0.3328383827455368,,,,,,,,,,,,
leave_dataset_out,e4_like,classification_high_pain_4_plus,painmonit,32364,9156,116,"physiopain_watch,rheumapain",painmonit,128,49,ok,,,,,,,,,,0.5964394932284841,0.5574486675404107,0.5481377978773831,0.6165057732349044,0.6203218288059208,0.5462623266122008,0.5574486675404106,0.5481377978773904,0.616505773234912,0.6203218288059261,0.5462623266122345,
leave_dataset_out,e4_like,classification_nonzero_pain,painmonit,32364,9156,116,"physiopain_watch,rheumapain",painmonit,128,49,skipped,,,,,,,,,,,,,,,,,,,,,classifier target has fewer than two classes in train or test
leave_dataset_out,apple_watch_like,regression_nrs,painmonit,32364,9156,111,"physiopain_watch,rheumapain",painmonit,128,49,ok,2.0294648262009476,2.8896724230018696,0.2976834294273796,2.5326077742142212,-0.4710443203690069,-0.19410562361877892,2.029464826200947,2.8896724230018696,0.2976834294273797,,,,,,,,,,,,
leave_dataset_out,apple_watch_like,classification_high_pain_4_plus,painmonit,32364,9156,111,"physiopain_watch,rheumapain",painmonit,128,49,ok,,,,,,,,,,0.5964394932284841,0.4987986020096112,0.4632193244309074,0.6065334819514705,0.6375001087530014,0.5022063945125467,0.4987986020096111,0.4632193244309162,0.6065334819515049,0.6375001087530028,0.5022063945125723,
leave_dataset_out,apple_watch_like,classification_nonzero_pain,painmonit,32364,9156,111,"physiopain_watch,rheumapain",painmonit,128,49,skipped,,,,,,,,,,,,,,,,,,,,,classifier target has fewer than two classes in train or test
leave_dataset_out,autonomic_core,regression_nrs,painmonit,32364,9156,63,"physiopain_watch,rheumapain",painmonit,128,49,ok,1.848393057778882,2.8896724230018696,0.36034512318225964,2.269142124862445,-0.18090043526041244,7.094284524718454e-05,1.8483930577788823,2.8896724230018696,0.36034512318225964,,,,,,,,,,,,
leave_dataset_out,autonomic_core,classification_high_pain_4_plus,painmonit,32364,9156,63,"physiopain_watch,rheumapain",painmonit,128,49,ok,,,,,,,,,,0.5964394932284841,0.5636740934906073,0.5255692288707798,0.6640881190616329,0.6092008410491943,0.5386851630171775,0.5636740934906072,0.5255692288707889,0.664088119061684,0.6092008410491995,0.5386851630172107,
leave_dataset_out,autonomic_core,classification_nonzero_pain,painmonit,32364,9156,63,"physiopain_watch,rheumapain",painmonit,128,49,skipped,,,,,,,,,,,,,,,,,,,,,classifier target has fewer than two classes in train or test
leave_dataset_out,motion_only,regression_nrs,painmonit,32364,9156,74,"physiopain_watch,rheumapain",painmonit,128,49,ok,1.9115421744254264,2.8896724230018696,0.33849174072137045,2.308180924379863,-0.2218828840354139,-0.13791669555058583,1.911542174425426,2.8896724230018696,0.33849174072137056,,,,,,,,,,,,
leave_dataset_out,motion_only,classification_high_pain_4_plus,painmonit,32364,9156,74,"physiopain_watch,rheumapain",painmonit,128,49,ok,,,,,,,,,,0.5964394932284841,0.5964394932284841,0.5,0.7472121502360265,0.564030543644503,0.4070417890025446,0.5964394932284841,0.5,0.7472121502360907,0.5640305436444956,0.4070417890025547,
leave_dataset_out,motion_only,classification_nonzero_pain,painmonit,32364,9156,74,"physiopain_watch,rheumapain",painmonit,128,49,skipped,,,,,,,,,,,,,,,,,,,,,classifier target has fewer than two classes in train or test
leave_dataset_out,metadata_probe,regression_nrs,painmonit,32364,9156,20,"physiopain_watch,rheumapain",painmonit,128,49,ok,2.065141472660085,2.8896724230018696,0.2853371696315805,2.6179911046509554,-0.5719047249619478,0.12442857967733469,2.065141472660085,2.8896724230018696,0.2853371696315805,,,,,,,,,,,,
leave_dataset_out,metadata_probe,classification_high_pain_4_plus,painmonit,32364,9156,20,"physiopain_watch,rheumapain",painmonit,128,49,ok,,,,,,,,,,0.5964394932284841,0.36653560506771515,0.4070417890025445,0.27062374245472837,0.5428173981023267,0.3782979270650615,0.36653560506771515,0.40704178900253696,0.2706237424547324,0.5428173981023274,0.3782979270650879,
leave_dataset_out,metadata_probe,classification_nonzero_pain,painmonit,32364,9156,20,"physiopain_watch,rheumapain",painmonit,128,49,skipped,,,,,,,,,,,,,,,,,,,,,classifier target has fewer than two classes in train or test
leave_dataset_out,sensors_plus_metadata,regression_nrs,painmonit,32364,9156,196,"physiopain_watch,rheumapain",painmonit,128,49,ok,2.106677563861573,2.8896724230018696,0.27096319046672446,2.6456999761471995,-0.6053549557080096,-0.12950711011004004,2.1066775638615725,2.8896724230018696,0.27096319046672457,,,,,,,,,,,,
leave_dataset_out,sensors_plus_metadata,classification_high_pain_4_plus,painmonit,32364,9156,196,"physiopain_watch,rheumapain",painmonit,128,49,ok,,,,,,,,,,0.5964394932284841,0.40203145478374835,0.4949986111382992,0.025280398789389355,0.6105681474354043,0.5143760195000644,0.40203145478374835,0.4949986111382996,0.025280398789389015,0.6105681474354081,0.5143760195000948,
leave_dataset_out,sensors_plus_metadata,classification_nonzero_pain,painmonit,32364,9156,196,"physiopain_watch,rheumapain",painmonit,128,49,skipped,,,,,,,,,,,,,,,,,,,,,classifier target has fewer than two classes in train or test
leave_dataset_out,sensors_only,regression_nrs,physiopain_watch,32920,8600,152,"painmonit,rheumapain",physiopain_watch,91,86,ok,1.9703532894623184,1.083210296463523,-0.8189942395259253,2.3164654005054826,-2.5258550457588695,-0.03970342134890551,1.970353289462319,1.0832102964635235,-0.8189942395259253,,,,,,,,,,,,
leave_dataset_out,sensors_only,classification_high_pain_4_plus,physiopain_watch,32920,8600,152,"painmonit,rheumapain",physiopain_watch,91,86,ok,,,,,,,,,,0.22093023255813954,0.22093023255813954,0.5,0.3619047619047619,0.21879368176581906,0.49867926158680276,0.22093023255813954,0.5,0.3619047619047675,0.21879368176581626,0.49867926158677633,
leave_dataset_out,sensors_only,classification_nonzero_pain,physiopain_watch,32920,8600,152,"painmonit,rheumapain",physiopain_watch,91,86,skipped,,,,,,,,,,,,,,,,,,,,,classifier target has fewer than two classes in train or test
leave_dataset_out,sensors_plus_state,regression_nrs,physiopain_watch,32920,8600,160,"painmonit,rheumapain",physiopain_watch,91,86,ok,1.4657317322603096,1.083210296463523,-0.35313681659567564,1.7181609418125894,-0.9397265151468119,0.5026657422999768,1.46573173226031,1.0832102964635235,-0.3531368165956754,,,,,,,,,,,,
leave_dataset_out,sensors_plus_state,classification_high_pain_4_plus,physiopain_watch,32920,8600,160,"painmonit,rheumapain",physiopain_watch,91,86,ok,,,,,,,,,,0.22093023255813954,0.4169767441860465,0.622050274941084,0.4285388648279006,0.28340006785209226,0.635276276512176,0.4169767441860466,0.6220502749410802,0.4285388648279125,0.2834000678520858,0.6352762765121461,
leave_dataset_out,sensors_plus_state,classification_nonzero_pain,physiopain_watch,32920,8600,160,"painmonit,rheumapain",physiopain_watch,91,86,skipped,,,,,,,,,,,,,,,,,,,,,classifier target has fewer than two classes in train or test
leave_dataset_out,e4_like,regression_nrs,physiopain_watch,32920,8600,110,"painmonit,rheumapain",physiopain_watch,91,86,ok,1.5423948381010766,1.083210296463523,-0.42391079842640367,1.849982387179717,-1.2487853610469717,0.49039068852390705,1.542394838101077,1.0832102964635235,-0.42391079842640345,,,,,,,,,,,,
leave_dataset_out,e4_like,classification_high_pain_4_plus,physiopain_watch,32920,8600,110,"painmonit,rheumapain",physiopain_watch,91,86,ok,,,,,,,,,,0.22093023255813954,0.4819767441860465,0.6209701492537314,0.425976034016235,0.28359984054409815,0.6380708562450903,0.48197674418604664,0.6209701492537245,0.42597603401623596,0.28359984054409215,0.6380708562450619,
leave_dataset_out,e4_like,classification_nonzero_pain,physiopain_watch,32920,8600,110,"painmonit,rheumapain",physiopain_watch,91,86,skipped,,,,,,,,,,,,,,,,,,,,,classifier target has fewer than two classes in train or test
leave_dataset_out,apple_watch_like,regression_nrs,physiopain_watch,32920,8600,96,"painmonit,rheumapain",physiopain_watch,91,86,ok,1.475724698612378,1.083210296463523,-0.3623621409714626,1.8172857097449384,-1.1699975379207572,0.5004851544563133,1.4757246986123784,1.0832102964635235,-0.36236214097146235,,,,,,,,,,,,
leave_dataset_out,apple_watch_like,classification_high_pain_4_plus,physiopain_watch,32920,8600,96,"painmonit,rheumapain",physiopain_watch,91,86,ok,,,,,,,,,,0.22093023255813954,0.49127906976744184,0.6280714846818539,0.4313011828935396,0.3003802355610707,0.6578064414768264,0.4912790697674419,0.6280714846818468,0.4313011828935396,0.3003802355610651,0.6578064414767996,
leave_dataset_out,apple_watch_like,classification_nonzero_pain,physiopain_watch,32920,8600,96,"painmonit,rheumapain",physiopain_watch,91,86,skipped,,,,,,,,,,,,,,,,,,,,,classifier target has fewer than two classes in train or test
leave_dataset_out,autonomic_core,regression_nrs,physiopain_watch,32920,8600,60,"painmonit,rheumapain",physiopain_watch,91,86,ok,1.3223876509587174,1.083210296463523,-0.2208041737380666,1.6855832533904485,-0.8668663758706463,0.526375304966128,1.3223876509587178,1.0832102964635235,-0.22080417373806638,,,,,,,,,,,,
leave_dataset_out,autonomic_core,classification_high_pain_4_plus,physiopain_watch,32920,8600,60,"painmonit,rheumapain",physiopain_watch,91,86,ok,,,,,,,,,,0.22093023255813954,0.4636046511627907,0.6137038491751767,0.42098656959959835,0.30147316217466563,0.6470004713275727,0.46360465116279076,0.6137038491751702,0.42098656959960173,0.30147316217466,0.6470004713275445,
leave_dataset_out,autonomic_core,classification_nonzero_pain,physiopain_watch,32920,8600,60,"painmonit,rheumapain",physiopain_watch,91,86,skipped,,,,,,,,,,,,,,,,,,,,,classifier target has fewer than two classes in train or test
leave_dataset_out,motion_only,regression_nrs,physiopain_watch,32920,8600,68,"painmonit,rheumapain",physiopain_watch,91,86,ok,1.2216481020059,1.083210296463523,-0.12780325851254393,1.3767587388055966,-0.24545632245864968,0.6740922711425676,1.2216481020059002,1.0832102964635235,-0.1278032585125437,,,,,,,,,,,,
leave_dataset_out,motion_only,classification_high_pain_4_plus,physiopain_watch,32920,8600,68,"painmonit,rheumapain",physiopain_watch,91,86,ok,,,,,,,,,,0.22093023255813954,0.4186046511627907,0.6268656716417911,0.4318181818181818,0.28259846861563176,0.6391072270227808,0.4186046511627907,0.6268656716417874,0.431818181818194,0.2825984686156195,0.6391072270227479,
leave_dataset_out,motion_only,classification_nonzero_pain,physiopain_watch,32920,8600,68,"painmonit,rheumapain",physiopain_watch,91,86,skipped,,,,,,,,,,,,,,,,,,,,,classifier target has fewer than two classes in train or test
leave_dataset_out,metadata_probe,regression_nrs,physiopain_watch,32920,8600,17,"painmonit,rheumapain",physiopain_watch,91,86,ok,1.268540124011722,1.083210296463523,-0.17109311843994268,1.5325645228320965,-0.5432999917462562,0.6695981237912153,1.2685401240117224,1.0832102964635235,-0.17109311843994246,,,,,,,,,,,,
leave_dataset_out,metadata_probe,classification_high_pain_4_plus,physiopain_watch,32920,8600,17,"painmonit,rheumapain",physiopain_watch,91,86,ok,,,,,,,,,,0.22093023255813954,0.4188372093023256,0.6194736842105264,0.4267033723331039,0.2975373979745184,0.6622233307148468,0.4188372093023256,0.6194736842105222,0.4267033723331152,0.2975373979745048,0.6622233307148162,
leave_dataset_out,metadata_probe,classification_nonzero_pain,physiopain_watch,32920,8600,17,"painmonit,rheumapain",physiopain_watch,91,86,skipped,,,,,,,,,,,,,,,,,,,,,classifier target has fewer than two classes in train or test
leave_dataset_out,sensors_plus_metadata,regression_nrs,physiopain_watch,32920,8600,169,"painmonit,rheumapain",physiopain_watch,91,86,ok,1.3649492430824057,1.083210296463523,-0.2600962597371046,1.6588181315797084,-0.8080497052853206,0.5433529728451642,1.364949243082406,1.0832102964635235,-0.2600962597371044,,,,,,,,,,,,
leave_dataset_out,sensors_plus_metadata,classification_high_pain_4_plus,physiopain_watch,32920,8600,169,"painmonit,rheumapain",physiopain_watch,91,86,ok,,,,,,,,,,0.22093023255813954,0.4169767441860465,0.622050274941084,0.4285388648279006,0.28340006785209226,0.635276276512176,0.4169767441860466,0.6220502749410802,0.4285388648279125,0.2834000678520858,0.6352762765121461,
leave_dataset_out,sensors_plus_metadata,classification_nonzero_pain,physiopain_watch,32920,8600,169,"painmonit,rheumapain",physiopain_watch,91,86,skipped,,,,,,,,,,,,,,,,,,,,,classifier target has fewer than two classes in train or test
leave_dataset_out,sensors_only,regression_nrs,rheumapain,17756,23764,178,"painmonit,physiopain_watch",rheumapain,135,42,ok,1.2558833586526956,2.3033597906981815,0.45476023167356794,1.469563471810826,-0.5026481310645061,0.019456704068785073,1.2558833586526956,2.3033597906981806,0.4547602316735677,,,,,,,,,,,,
leave_dataset_out,sensors_only,classification_high_pain_4_plus,rheumapain,17756,23764,178,"painmonit,physiopain_watch",rheumapain,135,42,ok,,,,,,,,,,0.04405823935364417,0.9242551758963138,0.495270678010262,0.028077753779697623,0.06421344452084014,0.6425552831255086,0.9242551758963138,0.49527067801026475,0.02807775377969742,0.06421344452083994,0.642555283125579,
leave_dataset_out,sensors_only,classification_nonzero_pain,rheumapain,17756,23764,178,"painmonit,physiopain_watch",rheumapain,135,42,skipped,,,,,,,,,,,,,,,,,,,,,classifier target has fewer than two classes in train or test
leave_dataset_out,sensors_plus_state,regression_nrs,rheumapain,17756,23764,186,"painmonit,physiopain_watch",rheumapain,135,42,ok,0.9950016354541166,2.3033597906981815,0.5680216180414797,1.1861845983015842,0.020994435528949862,0.3967736680533439,0.9950016354541167,2.3033597906981806,0.5680216180414794,,,,,,,,,,,,
leave_dataset_out,sensors_plus_state,classification_high_pain_4_plus,rheumapain,17756,23764,186,"painmonit,physiopain_watch",rheumapain,135,42,ok,,,,,,,,,,0.04405823935364417,0.9489143241878472,0.49677988357136665,0.001644736842105263,0.0878818427202614,0.7368676391490177,0.9489143241878472,0.4967798835713673,0.0016447368421052414,0.0878818427202636,0.7368676391490914,
leave_dataset_out,sensors_plus_state,classification_nonzero_pain,rheumapain,17756,23764,186,"painmonit,physiopain_watch",rheumapain,135,42,skipped,,,,,,,,,,,,,,,,,,,,,classifier target has fewer than two classes in train or test
leave_dataset_out,e4_like,regression_nrs,rheumapain,17756,23764,88,"painmonit,physiopain_watch",rheumapain,135,42,ok,0.9939135254396202,2.3033597906981815,0.5684940192785293,1.1722442077050075,0.043870341982304994,0.3930653549103063,0.9939135254396203,2.3033597906981806,0.5684940192785292,,,,,,,,,,,,
leave_dataset_out,e4_like,classification_high_pain_4_plus,rheumapain,17756,23764,88,"painmonit,physiopain_watch",rheumapain,135,42,ok,,,,,,,,,,0.04405823935364417,0.9158390843292376,0.49360195813283153,0.031007751937984496,0.07664449312435985,0.6933960778734262,0.9158390843292377,0.49360195813283453,0.03100775193798403,0.0766444931243591,0.6933960778734812,
leave_dataset_out,e4_like,classification_nonzero_pain,rheumapain,17756,23764,88,"painmonit,physiopain_watch",rheumapain,135,42,skipped,,,,,,,,,,,,,,,,,,,,,classifier target has fewer than two classes in train or test
leave_dataset_out,apple_watch_like,regression_nrs,rheumapain,17756,23764,87,"painmonit,physiopain_watch",rheumapain,135,42,ok,1.0088137500612455,2.3033597906981815,0.5620251103908263,1.1818233595422192,0.028180210609563994,0.3716042415022055,1.0088137500612455,2.3033597906981806,0.5620251103908261,,,,,,,,,,,,
leave_dataset_out,apple_watch_like,classification_high_pain_4_plus,rheumapain,17756,23764,87,"painmonit,physiopain_watch",rheumapain,135,42,ok,,,,,,,,,,0.04405823935364417,0.9264012792459182,0.509603989522844,0.05917159763313609,0.08120570812403916,0.7092344115853642,0.9264012792459182,0.5096039895228466,0.059171597633135634,0.08120570812403959,0.7092344115854273,
leave_dataset_out,apple_watch_like,classification_nonzero_pain,rheumapain,17756,23764,87,"painmonit,physiopain_watch",rheumapain,135,42,skipped,,,,,,,,,,,,,,,,,,,,,classifier target has fewer than two classes in train or test
leave_dataset_out,autonomic_core,regression_nrs,rheumapain,17756,23764,57,"painmonit,physiopain_watch",rheumapain,135,42,ok,0.9960011598907552,2.3033597906981815,0.56758767609256,1.1792560050041638,0.03239792367395833,0.4020564005748411,0.9960011598907552,2.3033597906981806,0.5675876760925598,,,,,,,,,,,,
leave_dataset_out,autonomic_core,classification_high_pain_4_plus,rheumapain,17756,23764,57,"painmonit,physiopain_watch",rheumapain,135,42,ok,,,,,,,,,,0.04405823935364417,0.925601750547046,0.49551945139183806,0.027502750275027504,0.06839709798712978,0.6416166965156885,0.925601750547046,0.4955194513918407,0.02750275027502731,0.068397097987131,0.6416166965157794,
leave_dataset_out,autonomic_core,classification_nonzero_pain,rheumapain,17756,23764,57,"painmonit,physiopain_watch",rheumapain,135,42,skipped,,,,,,,,,,,,,,,,,,,,,classifier target has fewer than two classes in train or test
leave_dataset_out,motion_only,regression_nrs,rheumapain,17756,23764,58,"painmonit,physiopain_watch",rheumapain,135,42,ok,0.9700167936952829,2.3033597906981815,0.5788687474650858,1.1518303158431238,0.07688117308799447,0.41166460208397165,0.9700167936952829,2.3033597906981806,0.5788687474650857,,,,,,,,,,,,
leave_dataset_out,motion_only,classification_high_pain_4_plus,rheumapain,17756,23764,58,"painmonit,physiopain_watch",rheumapain,135,42,ok,,,,,,,,,,0.04405823935364417,0.9455899680188521,0.5355845999985116,0.12219959266802444,0.09984881279983429,0.6668750148992846,0.9455899680188521,0.5355845999985125,0.12219959266802294,0.0998488127998347,0.666875014899362,
leave_dataset_out,motion_only,classification_nonzero_pain,rheumapain,17756,23764,58,"painmonit,physiopain_watch",rheumapain,135,42,skipped,,,,,,,,,,,,,,,,,,,,,classifier target has fewer than two classes in train or test
leave_dataset_out,metadata_probe,regression_nrs,rheumapain,17756,23764,17,"painmonit,physiopain_watch",rheumapain,135,42,ok,0.9643633959147844,2.3033597906981815,0.581323161145193,1.1229348197195408,0.12261602925928594,0.42829434717448595,0.9643633959147844,2.3033597906981806,0.5813231611451929,,,,,,,,,,,,
leave_dataset_out,metadata_probe,classification_high_pain_4_plus,rheumapain,17756,23764,17,"painmonit,physiopain_watch",rheumapain,135,42,ok,,,,,,,,,,0.04405823935364417,0.9558155192728497,0.49993397015450985,0.0,0.05291748468897868,0.5868848287716402,0.9558155192728498,0.49993397015450985,0.0,0.052917484688972706,0.5868848287716559,
leave_dataset_out,metadata_probe,classification_nonzero_pain,rheumapain,17756,23764,17,"painmonit,physiopain_watch",rheumapain,135,42,skipped,,,,,,,,,,,,,,,,,,,,,classifier target has fewer than two classes in train or test
leave_dataset_out,sensors_plus_metadata,regression_nrs,rheumapain,17756,23764,195,"painmonit,physiopain_watch",rheumapain,135,42,ok,0.9884515755225682,2.3033597906981815,0.5708653161723578,1.1658577414068725,0.05426008169020835,0.40747679947815546,0.9884515755225683,2.3033597906981806,0.5708653161723576,,,,,,,,,,,,
leave_dataset_out,sensors_plus_metadata,classification_high_pain_4_plus,rheumapain,17756,23764,195,"painmonit,physiopain_watch",rheumapain,135,42,ok,,,,,,,,,,0.04405823935364417,0.9488301632721764,0.4985580435556489,0.008156606851549755,0.09275705305314258,0.7323286706298029,0.9488301632721764,0.49855804355564964,0.008156606851549649,0.09275705305314483,0.7323286706298815,
leave_dataset_out,sensors_plus_metadata,classification_nonzero_pain,rheumapain,17756,23764,195,"painmonit,physiopain_watch",rheumapain,135,42,skipped,,,,,,,,,,,,,,,,,,,,,classifier target has fewer than two classes in train or test
